날짜,기관
2020-01-02,-540070217257
2020-01-03,-523884136250
2020-01-06,-320930439081
2020-01-07,-45333442471
2020-01-08,-239966871800
2020-01-09,-285057625521
2020-01-10,-363504743048
2020-01-13,-214789003582
2020-01-14,-428174844001
2020-01-15,-243649451517
2020-01-16,-209922500375
2020-01-17,-296659909335
2020-01-20,-27825198443
2020-01-21,-185315141286
2020-01-22,288502898518
2020-01-23,-479548069609
2020-01-28,-189417830401
2020-01-29,-497605225625
2020-01-30,-442725449395
2020-01-31,171695852050
2020-02-03,169772629693
2020-02-04,-701979533792
2020-02-05,-908236738398
2020-02-06,516701364159
2020-02-07,-465953015383
2020-02-10,-165011544660
2020-02-11,318224132603
2020-02-12,148865995776
2020-02-13,-327778851315
2020-02-14,-108624919521
2020-02-17,13904907787
2020-02-18,-528133639236
2020-02-19,-11774216778
2020-02-20,-335584793568
2020-02-21,-535037459553
2020-02-24,191646718659
2020-02-25,113510820173
2020-02-26,23675319787
2020-02-27,-1914523969
2020-02-28,357636810087
2020-03-02,270296243288
2020-03-03,-447359374407
2020-03-04,-170616011356
2020-03-05,-201549628502
2020-03-06,-262500898512
2020-03-09,-46335792397
2020-03-10,611280071388
2020-03-11,-483799928785
2020-03-12,275640021606
2020-03-13,584791380198
2020-03-16,-346529372751
2020-03-17,350227711377
2020-03-18,-514527352306
2020-03-19,289838355556
2020-03-20,311587391119
2020-03-23,-361146803853
2020-03-24,502449933822
2020-03-25,-94818297972
2020-03-26,-213791263604
2020-03-27,130034446865
2020-03-30,223597316312
2020-03-31,-290122645991
2020-04-01,-619914062375
2020-04-02,359902579736
2020-04-03,-83304988529
2020-04-06,1036094436023
2020-04-07,32868874331
2020-04-08,-281952392785
2020-04-09,-129566342887
2020-04-10,-205919589435
2020-04-13,-457552761800
2020-04-14,467937939436
2020-04-16,136273588590
2020-04-17,235638255679
2020-04-20,-484863639611
2020-04-21,-190382282106
2020-04-22,-309839955445
2020-04-23,100017962439
2020-04-24,-423055701164
2020-04-27,527880882011
2020-04-28,23895898352
2020-04-29,252151126667
2020-05-04,-805982640812
2020-05-06,309038420939
2020-05-07,56497946828
2020-05-08,170472078580
2020-05-11,-363129748429
2020-05-12,-298521194203
2020-05-13,93516742613
2020-05-14,-237226578946
2020-05-15,242606937006
2020-05-18,33911282638
2020-05-19,843178638796
2020-05-20,98142343800
2020-05-21,-388235061502
2020-05-22,-448465596460
2020-05-25,34701699149
2020-05-26,341681140079
2020-05-27,-72720682430
2020-05-28,222516423273
2020-05-29,-20124781263
2020-06-01,325037466260
2020-06-02,35037735414
2020-06-03,1134481952076
2020-06-04,297823889364
2020-06-05,405383021872
2020-06-08,-371614214904
2020-06-09,-399875881523
2020-06-10,215755738855
2020-06-11,-1184385324203
2020-06-12,-286221125269
2020-06-15,-761581542088
2020-06-16,480015469832
2020-06-17,-113671861871
2020-06-18,-83190463368
2020-06-19,-216392258894
2020-06-22,-193363924499
2020-06-23,-281432408867
2020-06-24,-390261651635
2020-06-25,-1045471767908
2020-06-26,-164743543196
2020-06-29,-351837187727
2020-06-30,239755263444
2020-07-01,150777308730
2020-07-02,216311962565
2020-07-03,106768206848
2020-07-06,623176899208
2020-07-07,-459366132436
2020-07-08,-276769109444
2020-07-09,-287872735518
2020-07-10,-707764620182
2020-07-13,200832542328
2020-07-14,-395811261608
2020-07-15,334699048716
2020-07-16,-183489846801
2020-07-17,36522676709
2020-07-20,-329214184799
2020-07-21,143525445522
2020-07-22,-241847438363
2020-07-23,-586869770577
2020-07-24,-367832918615
2020-07-27,139533249862
2020-07-28,-221994594444
2020-07-29,-336758096833
2020-07-30,-234212266663
2020-07-31,-386083857109
2020-08-03,-379533611919
2020-08-04,-148798651154
2020-08-05,-366559573837
2020-08-06,-80091769801
2020-08-07,-787043556950
2020-08-10,-231516300677
2020-08-11,38636084501
2020-08-12,-202547298233
2020-08-13,187268498785
2020-08-14,-124367569231
2020-08-18,476094894097
2020-08-19,-202201438096
2020-08-20,-821380199390
2020-08-21,-33421460316
2020-08-24,4055849047
2020-08-25,-123348123837
2020-08-26,-412518942532
2020-08-27,-472632576265
2020-08-28,122537180556
2020-08-31,-6599001551
2020-09-01,-56606999089
2020-09-02,-79879863350
2020-09-03,-135099106197
2020-09-04,-779810605931
2020-09-07,-297551179416
2020-09-08,-20865928330
2020-09-09,-429822565646
2020-09-10,-472127797598
2020-09-11,-310954319404
2020-09-14,107419203766
2020-09-15,-200154893304
2020-09-16,-305106264677
2020-09-17,-335810774691
2020-09-18,-15783815191
2020-09-21,39188313142
2020-09-22,-769105401861
2020-09-23,-280441773714
2020-09-24,-157074297365
2020-09-25,72755992202
2020-09-28,150210758338
2020-09-29,142443673022
2020-10-05,385205690497
2020-10-06,19781764917
2020-10-07,430223933231
2020-10-08,-614995544716
2020-10-12,84452092533
2020-10-13,-177373276294
2020-10-14,-375652821016
2020-10-15,-116915990239
2020-10-16,-203643669980
2020-10-19,296817379492
2020-10-20,260481077745
2020-10-21,142646744307
2020-10-22,7595363293
2020-10-23,233386006513
2020-10-26,271845359634
2020-10-27,-249652819353
2020-10-28,-176715260176
2020-10-29,-475527196874
2020-10-30,-443820556939
2020-11-02,48734612766
2020-11-03,469424983730
2020-11-04,342734107858
2020-11-05,486204864591
2020-11-06,-4367232346
2020-11-09,356432228997
2020-11-10,-328333401257
2020-11-11,401886622258
2020-11-12,-860832130484
2020-11-13,94795065930
2020-11-16,-285554919864
2020-11-17,-503761448494
2020-11-18,78042606701
2020-11-19,-301610826958
2020-11-20,-226404142293
2020-11-23,-60020677386
2020-11-24,-694098261947
2020-11-25,-400126336885
2020-11-26,-518844803720
2020-11-27,-279370092685
2020-11-30,204838104699
2020-12-01,267621058676
2020-12-02,-250693212908
2020-12-03,-384895965163
2020-12-04,-410098067169
2020-12-07,-923703710729
2020-12-08,-270134836064
2020-12-09,305810543067
2020-12-10,444052293581
2020-12-11,210054911247
2020-12-14,-703264130574
2020-12-15,-237509716434
2020-12-16,212684733473
2020-12-17,-10699186818
2020-12-18,-149740124141
2020-12-21,132216431723
2020-12-22,-202876712599
2020-12-23,301661239065
2020-12-24,629655107873
2020-12-28,830307875068
2020-12-29,-1973366181947
2020-12-30,195869627789
2021-01-04,-1189876714363
2021-01-05,-536265643081
2021-01-06,-1369155503764
2021-01-07,1033917002121
2021-01-08,-1147931424901
2021-01-11,-3743203896260
2021-01-12,-1723898682006
2021-01-13,-372450411172
2021-01-14,-1428981445508
2021-01-15,-1414745885546
2021-01-18,-278880716957
2021-01-19,593956459208
2021-01-20,-1234485992694
2021-01-21,-292666343147
2021-01-22,-1364772011847
2021-01-25,368785130937
2021-01-26,-2252005935511
2021-01-27,-396146276144
2021-01-28,-379393793518
2021-01-29,-254398314533
2021-02-01,689228606693
2021-02-02,-13100366881
2021-02-03,-573962013188
2021-02-04,-1835747521996
2021-02-05,234314736295
2021-02-08,280531568170
2021-02-09,156805214817
2021-02-10,-916572696792
2021-02-15,-419278004341
2021-02-16,-668485462163
2021-02-17,-1346492136688
2021-02-18,-613029340414
2021-02-19,-65551663392
2021-02-22,-460116021311
2021-02-23,338730955952
2021-02-24,-82456864723
2021-02-25,974912775121
2021-02-26,-1030067522830
2021-03-02,437087116744
2021-03-03,689628178815
2021-03-04,-1283990096176
2021-03-05,-804347702052
2021-03-08,-377690185388
2021-03-09,291955755541
2021-03-10,-889148150452
2021-03-11,-591738966707
2021-03-12,183344925045
2021-03-15,-300233103264
2021-03-16,249118780375
2021-03-17,-533899688739
2021-03-18,134414574483
2021-03-19,-1001755231858
2021-03-22,-33884483569
2021-03-23,-540902078718
2021-03-24,-433543096135
2021-03-25,-127272789588
2021-03-26,138944897568
2021-03-29,-703117803303
2021-03-30,253920572772
2021-03-31,-348844407696
2021-04-01,-161660852645
2021-04-02,371463579042
2021-04-05,-381209381715
2021-04-06,-513328684602
2021-04-07,-326710873264
2021-04-08,-482071218749
2021-04-09,-576175666356
2021-04-12,-386212529333
2021-04-13,8724256396
2021-04-14,178011104839
2021-04-15,-504470970841
2021-04-16,-467440237462
2021-04-19,-131351507556
2021-04-20,46335219771
2021-04-21,-1283700548400
2021-04-22,-232937706105
2021-04-23,-212266136923
2021-04-26,-46151244464
2021-04-27,-106431302767
2021-04-28,-434709664381
2021-04-29,-11465163873
2021-04-30,-193431015610
2021-05-03,-139150575005
2021-05-04,167870865717
2021-05-06,200070011047
2021-05-07,348161360062
2021-05-10,970526233681
2021-05-11,-1351302427950
2021-05-12,-257437439679
2021-05-13,2401237331
2021-05-14,39256136373
2021-05-17,-144396064415
2021-05-18,974052685165
2021-05-20,-281820417105
2021-05-21,56809166475
2021-05-24,36986706803
2021-05-25,883754095082
2021-05-26,287017222240
2021-05-27,235398563985
2021-05-28,737122269451
2021-05-31,-774110262639
2021-06-01,677830568496
2021-06-02,-315474749545
2021-06-03,448187807776
2021-06-04,-658494766138
2021-06-07,121623736183
2021-06-08,261926437147
2021-06-09,-458461616927
2021-06-10,-1124954892621
2021-06-11,266705878694
2021-06-14,-333000304167
2021-06-15,-35985016098
2021-06-16,32705032178
2021-06-17,-713193868834
2021-06-18,-178897114123
2021-06-21,-1082409154162
2021-06-22,-7116462132
2021-06-23,-29389283916
2021-06-24,134903993235
2021-06-25,588470416473
2021-06-28,-305504671326
2021-06-29,-892893846220
2021-06-30,-50593980862
2021-07-01,-830310113957
2021-07-02,-222565849526
2021-07-05,263400908083
2021-07-06,69615076407
2021-07-07,-834558496105
2021-07-08,-625528407266
2021-07-09,-508348999024
2021-07-12,218299274458
2021-07-13,306098415000
2021-07-14,-315851648118
2021-07-15,207534102727
2021-07-16,-571583662932
2021-07-19,-455774877052
2021-07-20,152058864805
2021-07-21,-281396618677
2021-07-22,816112244593
2021-07-23,-14559163019
2021-07-26,-338198839214
2021-07-27,223670014055
2021-07-28,300099277167
2021-07-29,258389552987
2021-07-30,-571234377402
2021-08-02,625407915779
2021-08-03,-34795717950
2021-08-04,889264034539
2021-08-05,184516206903
2021-08-06,-234371141428
2021-08-09,-752683886622
2021-08-10,-383290989309
2021-08-11,-192523384068
2021-08-12,52264841932
2021-08-13,-165511775698
2021-08-17,-127644738313
2021-08-18,410023141328
2021-08-19,-329684030562
2021-08-20,-16262100552
2021-08-23,609551398503
2021-08-24,231465743144
2021-08-25,344961569123
2021-08-26,-81422137246
2021-08-27,732056679957
2021-08-30,252642234837
2021-08-31,-134652865595
2021-09-01,-31598536463
2021-09-02,-1490238519834
2021-09-03,-76608903301
2021-09-06,45721965790
2021-09-07,-120260093576
2021-09-08,-183107886063
2021-09-09,-931453900149
2021-09-10,238309483532
2021-09-13,199606314039
2021-09-14,763658005701
2021-09-15,-140596187447
2021-09-16,-516040768216
2021-09-17,-302020155059
2021-09-23,-236142600548
2021-09-24,-341855844034
2021-09-27,8307675390
2021-09-28,-551626116749
2021-09-29,-312573315972
2021-09-30,-217765029364
2021-10-01,-487272498317
2021-10-05,236193735394
2021-10-06,83439506010
2021-10-07,614307009748
2021-10-08,-452736604372
2021-10-12,-199930817218
2021-10-13,772426416720
2021-10-14,503698618926
2021-10-15,213389625953
2021-10-18,-488527483076
2021-10-19,183801742904
2021-10-20,-211412461377
2021-10-21,118114671153
2021-10-22,185492978407
2021-10-25,258825256939
2021-10-26,347379819950
2021-10-27,-349095969135
2021-10-28,-114542790955
2021-10-29,-475883970809
2021-11-01,636807799220
2021-11-02,765402011369
2021-11-03,-420406615069
2021-11-04,337373201743
2021-11-05,-445009925767
2021-11-08,-276092373499
2021-11-09,274018616800
2021-11-10,-234981375168
2021-11-11,-242648241433
2021-11-12,594517451389
2021-11-15,414721390104
2021-11-16,-517148635848
2021-11-17,-875727408050
2021-11-18,-197360807112
2021-11-19,74996305419
2021-11-22,567148337556
2021-11-23,-696062738664
2021-11-24,-593130866049
2021-11-25,-150364559212
2021-11-26,-370954435118
2021-11-29,714313495892
2021-11-30,-639988025853
2021-12-01,-110988786005
2021-12-02,2888845533
2021-12-03,88680343989
2021-12-06,152086458640
2021-12-07,-75685278353
2021-12-08,802671546119
2021-12-09,636816072547
2021-12-10,239480743009
2021-12-13,468761802950
2021-12-14,-187792172277
2021-12-15,-170006870732
2021-12-16,-51540415455
2021-12-17,-13783615469
2021-12-20,-574922466360
2021-12-21,601792086165
2021-12-22,61276751259
2021-12-23,578680091931
2021-12-24,916149584338
2021-12-27,436229067463
2021-12-28,1518870322640
2021-12-29,-1736020240234
2021-12-30,-760566310057
2022-01-03,-811031613112
2022-01-04,-745316705477
2022-01-05,-1322174105667
2022-01-06,-485486519507
2022-01-07,-335729241406
2022-01-10,-499947380505
2022-01-11,-261903590377
2022-01-12,605503895874
2022-01-13,-303114433217
2022-01-14,-595313940320
2022-01-17,178183156799
2022-01-18,-227403486764
2022-01-19,-11917289962
2022-01-20,109130400516
2022-01-21,-643433831162
2022-01-24,593598885427
2022-01-25,-168059581790
2022-01-26,-15766443109
2022-01-27,1847765950908
2022-01-28,392309068388
2022-02-03,49672416467
2022-02-04,214385672337
2022-02-07,-832483473207
2022-02-08,39351820778
2022-02-09,196999455577
2022-02-10,-541883393697
2022-02-11,-695298923291
2022-02-14,96097244830
2022-02-15,34231456660
2022-02-16,225360015157
2022-02-17,434468006027
2022-02-18,103999405425
2022-02-21,-89599778020
2022-02-22,-382333654191
2022-02-23,189572819973
2022-02-24,-482649104653
2022-02-25,194174372833
2022-02-28,-380093596030
2022-03-02,-132216904407
2022-03-03,259123338428
2022-03-04,-425605093937
2022-03-07,-959833773047
2022-03-08,-291396936373
2022-03-10,764462711891
2022-03-11,-371014608923
2022-03-14,5460611501
2022-03-15,47772680389
2022-03-16,365628462370
2022-03-17,250388252272
2022-03-18,-14265814433
2022-03-21,-334620689166
2022-03-22,-32274878766
2022-03-23,235504479508
2022-03-24,-1585856949859
2022-03-25,-127830711068
2022-03-28,67596993518
2022-03-29,326573526113
2022-03-30,159297163945
2022-03-31,188685776995
2022-04-01,-783048631229
2022-04-04,13587375175
2022-04-05,-247758437594
2022-04-06,-565795866434
2022-04-07,-520333048428
2022-04-08,9809475596
2022-04-11,1834232354
2022-04-12,-120298454589
2022-04-13,639266067323
2022-04-14,154694530524
2022-04-15,-442555822338
2022-04-18,-18825448891
2022-04-19,336440824134
2022-04-20,-161244332080
2022-04-21,636602403172
2022-04-22,-697498180463
2022-04-25,-347613247823
2022-04-26,269698775751
2022-04-27,-241839264287
2022-04-28,194227800946
2022-04-29,493121485629
2022-05-02,-180611302917
2022-05-03,-214020580539
2022-05-04,-150152729931
2022-05-06,-300134662405
2022-05-09,-176775318439
2022-05-10,7534075548
2022-05-11,-89299441565
2022-05-12,-157534466044
2022-05-13,861774175172
2022-05-16,-115892143326
2022-05-17,540889050532
2022-05-18,-349586753531
2022-05-19,-482840373871
2022-05-20,836490356916
2022-05-23,169737223912
2022-05-24,-282071819857
2022-05-25,511224245924
2022-05-26,-154635591022
2022-05-27,554354708900
2022-05-30,420357934610
2022-05-31,-585434565666
2022-06-02,-748869787728
2022-06-03,321975044646
2022-06-07,-822961013221
2022-06-08,-55381153384
2022-06-09,555287540214
2022-06-10,-281363878901
2022-06-13,-218144107412
2022-06-14,195038915366
2022-06-15,79728628347
2022-06-16,-18655058363
2022-06-17,53063840293
2022-06-20,444823493304
2022-06-21,540745707410
2022-06-22,-79432132546
2022-06-23,926411245008
2022-06-24,641220039888
2022-06-27,-202602047345
2022-06-28,-88477231771
2022-06-29,-504606196816
2022-06-30,-320395889056
2022-07-01,-5789120252
2022-07-04,310974492738
2022-07-05,250073768140
2022-07-06,-890816407041
2022-07-07,312959283901
2022-07-08,-183153607758
2022-07-11,-188016886877
2022-07-12,-238768571282
2022-07-13,356457770567
2022-07-14,-533532116821
2022-07-15,-262866579347
2022-07-18,-200001889972
2022-07-19,-144121251759
2022-07-20,-59488213580
2022-07-21,-113321469256
2022-07-22,-303612837309
2022-07-25,192781994606
2022-07-26,45928694255
2022-07-27,-55247667536
2022-07-28,-60186556535
2022-07-29,147828246119
2022-08-01,-175526594648
2022-08-02,-595965265221
2022-08-03,-146529410671
2022-08-04,-226474541907
2022-08-05,43865805494
2022-08-08,-296191538582
2022-08-09,137076191099
2022-08-10,-203170431816
2022-08-11,461174277846
2022-08-12,202684250831
2022-08-16,-17358819245
2022-08-17,-199753473035
2022-08-18,-443976495898
2022-08-19,-624259363945
2022-08-22,-237473904196
2022-08-23,-130881042878
2022-08-24,-141075236217
2022-08-25,119917424716
2022-08-26,476796019834
2022-08-29,-556692375896
2022-08-30,-135410557728
2022-08-31,-228807466171
2022-09-01,-887056414522
2022-09-02,-142599327626
2022-09-05,133654227303
2022-09-06,-13240871813
2022-09-07,-226386286825
2022-09-08,234143626213
2022-09-13,715438745305
2022-09-14,-239580169297
2022-09-15,-144013683987
2022-09-16,-408188482243
2022-09-19,-41219333625
2022-09-20,283303430483
2022-09-21,-67284682938
2022-09-22,-281434242772
2022-09-23,-251013098868
2022-09-26,276689959362
2022-09-27,257283828277
2022-09-28,-180887992451
2022-09-29,-2244578672
2022-09-30,108188287304
2022-10-04,-17336850482
2022-10-05,-551070905687
2022-10-06,-74014141484
2022-10-07,-153821794520
2022-10-11,-309712815747
2022-10-12,-104996698417
2022-10-13,-299356284399
2022-10-14,363115555006
2022-10-17,-317272537864
2022-10-18,154635638466
2022-10-19,-82377761337
2022-10-20,-409447470756
2022-10-21,8884270087
2022-10-24,321633046119
2022-10-25,65734800140
2022-10-26,-107839472728
2022-10-27,514525611128
2022-10-28,251964835018
2022-10-31,-27863564902
2022-11-01,194279024986
2022-11-02,-338344833473
2022-11-03,-584132018264
2022-11-04,101390485151
2022-11-07,276716876793
2022-11-08,436099170689
2022-11-09,346560189292
2022-11-10,-168713591258
2022-11-11,991477109376
2022-11-14,-171341824009
2022-11-15,-80052587624
2022-11-16,-230431579124
2022-11-17,-120384220280
2022-11-18,-77526128545
2022-11-21,79835685465
2022-11-22,-3361651877
2022-11-23,-24469499016
2022-11-24,65983066949
2022-11-25,32896515986
2022-11-28,-266133367950
2022-11-29,317249962820
2022-11-30,-497153704321
2022-12-01,227623724188
2022-12-02,-509245105753
2022-12-05,-14931609887
2022-12-06,-306331364678
2022-12-07,-982084080
2022-12-08,226040305823
2022-12-09,407631000034
2022-12-12,-43992760699
2022-12-13,44095692411
2022-12-14,214225502895
2022-12-15,-437088336457
2022-12-16,-351477776302
2022-12-19,28181736330
2022-12-20,-26769051111
2022-12-21,183918523359
2022-12-22,585241924909
2022-12-23,251369151190
2022-12-26,660636246444
2022-12-27,1048896403181
2022-12-28,-828611007131
2022-12-29,-576299671661
2023-01-02,-266420384362
2023-01-03,-355786681450
2023-01-04,-155571962
2023-01-05,-351706351490
2023-01-06,243733364898
2023-01-09,741931555360
2023-01-10,296871601813
2023-01-11,174550637628
2023-01-12,-437128069092
2023-01-13,212673442493
2023-01-16,221760115487
2023-01-17,-309599208464
2023-01-18,-216606531678
2023-01-19,-314781166766
2023-01-20,9140626016
2023-01-25,27569236426
2023-01-26,247197174161
2023-01-27,223472347820
2023-01-30,-412396266611
2023-01-31,155986944262
2023-02-01,-194933587855
2023-02-02,-277564748210
2023-02-03,-194097408740
2023-02-06,-506555519572
2023-02-07,-278769775728
2023-02-08,3996254775
2023-02-09,-386297647459
2023-02-10,-626916138858
2023-02-13,-411776898792
2023-02-14,301791681951
2023-02-15,-778198391039
2023-02-16,848483656092
2023-02-17,-383364023719
2023-02-20,172812524741
2023-02-21,-93937427474
2023-02-22,-686572430166
2023-02-23,300357837718
2023-02-24,-95742736699
2023-02-27,-419993179569
2023-02-28,410444315754
2023-03-02,-90257918044
2023-03-03,33558093728
2023-03-06,458255627220
2023-03-07,-134610749647
2023-03-08,-951379538172
2023-03-09,579864687878
2023-03-10,-237125513088
2023-03-13,307724447013
2023-03-14,26112457174
2023-03-15,290854530806
2023-03-16,-2098699039
2023-03-17,81570314872
2023-03-20,106743918178
2023-03-21,114019690160
2023-03-22,142784431226
2023-03-23,214887083171
2023-03-24,-215337762391
2023-03-27,69706438069
2023-03-28,323063218659
2023-03-29,328328550149
2023-03-30,-428858957618
2023-03-31,36938281445
2023-04-03,-341204923210
2023-04-04,214166396805
2023-04-05,301207942960
2023-04-06,-498106407994
2023-04-07,286288782874
2023-04-10,-28340333114
2023-04-11,294827688169
2023-04-12,-146689436501
2023-04-13,497599975864
2023-04-14,261436657452
2023-04-17,-323963823969
2023-04-18,-710150562071
2023-04-19,44820129822
2023-04-20,-75824732930
2023-04-21,-84067959927
2023-04-24,104335931039
2023-04-25,58703069
2023-04-26,-154962435569
2023-04-27,-485106853178
2023-04-28,-355056353256
2023-05-02,228515111851
2023-05-03,-263296523446
2023-05-04,-269388645728
2023-05-08,449450438150
2023-05-09,63625781672
2023-05-10,-111132074645
2023-05-11,84778722112
2023-05-12,-106637069805
2023-05-15,144902429770
2023-05-16,-57492359093
2023-05-17,157436270458
2023-05-18,-81705726857
2023-05-19,558189115976
2023-05-22,533043093661
2023-05-23,399381343204
2023-05-24,-185400201263
2023-05-25,-614521014094
2023-05-26,-506191680739
2023-05-30,-112615399766
2023-05-31,-287215146264
2023-06-01,-384707685880
2023-06-02,199982032636
2023-06-05,452841891047
2023-06-07,348797936619
2023-06-08,318582119910
2023-06-09,366456119821
2023-06-12,-14935582944
2023-06-13,133805471196
2023-06-14,-128394063390
2023-06-15,-190529589592
2023-06-16,-214444978810
2023-06-19,-77326646037
2023-06-20,-134811547831
2023-06-21,-133257020022
2023-06-22,214064469718
2023-06-23,-444658031475
2023-06-26,229842776928
2023-06-27,16061545534
2023-06-28,58791986147
2023-06-29,-179115545809
2023-06-30,229989771966
2023-07-03,771128356761
2023-07-04,-298331876448
2023-07-05,-614309095615
2023-07-06,-421568707176
2023-07-07,-765049611338
2023-07-10,-190079509098
2023-07-11,166389104339
2023-07-12,28439542389
2023-07-13,507853355084
2023-07-14,775688802259
2023-07-17,-231308628016
2023-07-18,-331511199097
2023-07-19,-325666229365
2023-07-20,-316434395652
2023-07-21,15353799142
2023-07-24,-304634417597
2023-07-25,-68911122236
2023-07-26,-65982473843
2023-07-27,435056153149
2023-07-28,-456468854074
2023-07-31,-92093383623
2023-08-01,333204109967
2023-08-02,-686620099345
2023-08-03,-665854220187
2023-08-04,-235244574807
2023-08-07,-328566486131
2023-08-08,-439720177991
2023-08-09,-294277028307
2023-08-10,-90686237355
2023-08-11,-6224384134
2023-08-14,-332780412875
2023-08-16,-358186956533
2023-08-17,-97830925105
2023-08-18,-284309929296
2023-08-21,26973521187
2023-08-22,-6077773615
2023-08-23,-88536052734
2023-08-24,293567051960
2023-08-25,-176228722100
2023-08-28,304779448313
2023-08-29,65346051254
2023-08-30,176514730150
2023-08-31,160701417920
2023-09-01,-218012302145
2023-09-04,-42666339267
2023-09-05,-150527124581
2023-09-06,-305686388273
2023-09-07,-274955813118
2023-09-08,108282914037
2023-09-11,34041627465
2023-09-12,54390088340
2023-09-13,54512211179
2023-09-14,1223251617523
2023-09-15,1067975780361
2023-09-18,-14299457067
2023-09-19,-384564883556
2023-09-20,51278288706
2023-09-21,-722057124859
2023-09-22,-97903751745
2023-09-25,69945937884
2023-09-26,-472919175931
2023-09-27,-78821633442
2023-10-04,-449482679316
2023-10-05,-6013047177
2023-10-06,177110363980
2023-10-10,589804902730
2023-10-11,622155912761
2023-10-12,262436802231
2023-10-13,-284438802046
2023-10-16,8681152061
2023-10-17,-137531661024
2023-10-18,-48175001753
2023-10-19,-247310836068
2023-10-20,-175845869017
2023-10-23,70542958511
2023-10-24,36194540381
2023-10-25,-63128064474
2023-10-26,110829026885
2023-10-27,221216432154
2023-10-30,42380059267
2023-10-31,-72068894001
2023-11-01,463114917225
2023-11-02,272657002205
2023-11-03,163360812451
2023-11-06,222222955277
2023-11-07,-382003041930
2023-11-08,75721794911
2023-11-09,28360146036
2023-11-10,-103816763545
2023-11-13,-7441845583
2023-11-14,626912884512
2023-11-15,1091553984298
2023-11-16,-62046018546
2023-11-17,-241221823693
2023-11-20,437881282163
2023-11-21,110170214654
2023-11-22,-153080618410
2023-11-23,-81006427468
2023-11-24,42590459997
2023-11-27,251988820138
2023-11-28,573526321359
2023-11-29,-138778490295
2023-11-30,257207149575
2023-12-01,-414235181765
2023-12-04,171080424191
2023-12-05,-176899890946
2023-12-06,240069110144
2023-12-07,-204925669405
2023-12-08,437503104035
2023-12-11,163273493332
2023-12-12,593241065526
2023-12-13,94826375478
2023-12-14,706143917907
2023-12-15,305106297747
2023-12-18,-205246845623
2023-12-19,66909132235
2023-12-20,1154891192844
2023-12-21,39700792744
2023-12-22,238636362045
2023-12-26,970166516657
2023-12-27,-440070411410
2023-12-28,660296872732
2024-01-02,112165205550
2024-01-03,-1222478424264
2024-01-04,-800059154599
2024-01-05,-572825427647
2024-01-08,-437470262938
2024-01-09,-64558686301
2024-01-10,-141299103243
2024-01-11,-3029767531476
2024-01-12,-193870914795
2024-01-15,86828057865
2024-01-16,-403792210102
2024-01-17,-11238103470
2024-01-18,-18940939121
2024-01-19,-229395421066
2024-01-22,-38795780554
2024-01-23,205672111169
2024-01-24,-97730743825
2024-01-25,197165965802
2024-01-26,6851623453
2024-01-29,214902957610
2024-01-30,192951091544
2024-01-31,-3888069776
2024-02-01,228639549443
2024-02-02,647344242524
2024-02-05,-724022499868
2024-02-06,-229489180186
2024-02-07,626086265559
2024-02-08,305031304916
2024-02-13,490264070845
2024-02-14,-536223253010
2024-02-15,-47730606262
2024-02-16,270579672398
2024-02-19,443320515350
2024-02-20,-344454448112
2024-02-21,132277912056
2024-02-22,74605598950
2024-02-23,-55477547986
2024-02-26,-85936333896
2024-02-27,-50684826748
2024-02-28,38503125927
2024-02-29,-513749738962
2024-03-04,44534227547
2024-03-05,-545147144953
2024-03-06,-214058403348
2024-03-07,-23515318766
2024-03-08,697787363613
2024-03-11,-112459455848
2024-03-12,505483923122
2024-03-13,-110253687387
2024-03-14,186478065769
2024-03-15,-60970947751
2024-03-18,225409959377
2024-03-19,-701297446920
2024-03-20,586619789090
2024-03-21,1050626755705
2024-03-22,-162991770212
2024-03-25,-290780764399
2024-03-26,482157224972
2024-03-27,144832473660
2024-03-28,-244942287809
2024-03-29,-286603572184
2024-04-01,24728156407
2024-04-02,-348363309392
2024-04-03,-674598846463
2024-04-04,-14666134853
2024-04-05,-470201520392
2024-04-08,-112531115902
2024-04-09,-313183331695
2024-04-11,-1080260606349
2024-04-12,-628447832356
2024-04-15,-26670786908
2024-04-16,-236385439990
2024-04-17,-213859497938
2024-04-18,24653829001
2024-04-19,-667219591377
2024-04-22,783550352926
2024-04-23,86531859901
2024-04-24,362319323719
2024-04-25,-507126243200
2024-04-26,68383583686
2024-04-29,330806172961
2024-04-30,283563451333
2024-05-02,-141785578589
2024-05-03,-6485441377
2024-05-07,774765274188
2024-05-08,41134398071
2024-05-09,-69130702258
2024-05-10,355503191394
2024-05-13,16990075437
2024-05-14,122643662844
2024-05-16,593789205669
2024-05-17,-149625651882
2024-05-20,396663307831
2024-05-21,-327244512855
2024-05-22,-33004053106
2024-05-23,-371055667018
2024-05-24,-922091932144
2024-05-27,325928135636
2024-05-28,119562079303
2024-05-29,-258165987157
2024-05-30,-447740007232
2024-05-31,1065402833699
2024-06-03,233850074757
2024-06-04,-316037351589
2024-06-05,-259625396366
2024-06-07,158196938516
2024-06-10,-566989066161
2024-06-11,-118424463015
2024-06-12,9875812280
2024-06-13,-105500000974
2024-06-14,-467226655929
2024-06-17,-139841286505
2024-06-18,-224025144340
2024-06-19,549329338465
2024-06-20,165375865951
2024-06-21,-27985802991
2024-06-24,45731146521
2024-06-25,243423681516
2024-06-26,-304986695243
2024-06-27,-771142734637
2024-06-28,240486036446
2024-07-01,54165331598
2024-07-02,-351311743383
2024-07-03,180002050997
2024-07-04,1110552657028
2024-07-05,1256018879130
2024-07-08,-347080987718
2024-07-09,-28547347150
2024-07-10,13766148853
2024-07-11,-84858375617
2024-07-12,84229073724
2024-07-15,125743887660
2024-07-16,96170139632
2024-07-17,142005413282
2024-07-18,13001150173
2024-07-19,-363889014721
2024-07-22,-23790923922
2024-07-23,-24556182132
2024-07-24,40984241574
2024-07-25,-152935749182
2024-07-26,398295014021
2024-07-29,76782136485
2024-07-30,-353859202541
2024-07-31,48307392265
2024-08-01,-173786742350
2024-08-02,-780729561870
2024-08-05,-269281118374
2024-08-06,-325614797419
2024-08-07,-306452545212
2024-08-08,-282251882652
2024-08-09,34669431400
2024-08-12,146940477134
2024-08-13,-63241769334
2024-08-14,-114347608635
2024-08-16,215877724271
2024-08-19,-15549066331
2024-08-20,3846213945
2024-08-21,-26119456676
2024-08-22,42259682833
2024-08-23,345336259549
2024-08-26,399722184607
2024-08-27,370080248927
2024-08-28,252779701416
2024-08-29,-265666066274
2024-08-30,483079731834
2024-09-02,-415083139287
2024-09-03,-247056544378
2024-09-04,-730211391980
2024-09-05,120383926587
2024-09-06,82946408561
2024-09-09,45031172502
2024-09-10,-59972126129
2024-09-11,42494840832
2024-09-12,25515213769
2024-09-13,436548652977
2024-09-19,879487938161
2024-09-20,272835510768
2024-09-23,344281218702
2024-09-24,572131284766
2024-09-25,549458509125
2024-09-26,802355815121
2024-09-27,-431236042375
2024-09-30,-213500112535
2024-10-02,-705950584225
2024-10-04,-216841386660
2024-10-07,85602156868
2024-10-08,-349792768409
2024-10-10,-295513377764
2024-10-11,277514506450
2024-10-14,328183460825
2024-10-15,11749081731
2024-10-16,-40039265717
2024-10-17,200733176226
2024-10-18,95039623765
2024-10-21,268299786991
2024-10-22,-307339899033
2024-10-23,299046277243
2024-10-24,-53362209119
2024-10-25,76930960114
2024-10-28,466329623755
2024-10-29,17788629516
2024-10-30,41888818795
2024-10-31,331548012091
2024-11-01,-188102839363
2024-11-04,341734557028
2024-11-05,-285679130903
2024-11-06,51976842753
2024-11-07,109774735179
2024-11-08,117505106488
2024-11-11,-237953779478
2024-11-12,-31775256965
2024-11-13,-64236743277
2024-11-14,282308911722
2024-11-15,-30246048235
2024-11-18,-17057516040
2024-11-19,458109590236
2024-11-20,173660902999
2024-11-21,296823436538
2024-11-22,322612044800
2024-11-25,453148641951
2024-11-26,-237358108453
2024-11-27,300428357388
2024-11-28,310513252758
2024-11-29,50891883004
2024-12-02,389155225218
2024-12-03,279573700365
2024-12-04,16233457535
2024-12-05,56210085024
2024-12-06,825605577043
2024-12-09,691610151433
2024-12-10,459595242775
2024-12-11,176488914794
2024-12-12,156307495040
2024-12-13,139793998615
2024-12-16,126762673
2024-12-17,156602372357
2024-12-18,133871724852
2024-12-19,-509884826185
2024-12-20,-88317494048
2024-12-23,435171933953
2024-12-24,23902776124
2024-12-26,185774794420
2024-12-27,-115903698813
2024-12-30,55731670240
2025-01-02,-258874410234
2025-01-03,320434669266
2025-01-06,65352493071
2025-01-07,-42261436468
2025-01-08,109580929347
2025-01-09,-505599126176
2025-01-10,-397552126513
2025-01-13,25960951826
2025-01-14,-57985495095
2025-01-15,-258995317010
2025-01-16,18979488995
2025-01-17,-100657566276
2025-01-20,66439742491
2025-01-21,62040445683
2025-01-22,420825500684
2025-01-23,-203208485996
2025-01-24,43624234596
2025-01-31,285913588902
2025-02-03,-370422089516
2025-02-04,123061858295
2025-02-05,31185815254
2025-02-06,161175589220
2025-02-07,-209862347061
2025-02-10,262648472716
2025-02-11,243670762416
2025-02-12,-221735686441
2025-02-13,672980387114
2025-02-14,366093225236
2025-02-17,243084270421
2025-02-18,164848051186
2025-02-19,776736685935
2025-02-20,-107929438042
2025-02-21,118110536250
2025-02-24,-92519693045
2025-02-25,-94426591128
2025-02-26,240366228107
2025-02-27,-338877670836
2025-02-28,-616687106773
2025-03-04,-147320808920
2025-03-05,47855667126
2025-03-06,156144652402
2025-03-07,27856131122
2025-03-10,142750024810
2025-03-11,-238060527473
2025-03-12,31867264214
2025-03-13,444773544214
2025-03-14,-20501352189
2025-03-17,494744914949
2025-03-18,95013526205
2025-03-19,287328491126
2025-03-20,66431924499
2025-03-21,-401954932372
2025-03-24,-28815092997
2025-03-25,69077231040
2025-03-26,260278092505
2025-03-27,-315162549116
2025-03-28,3124159748
2025-03-31,667341521839
2025-04-01,180611969545
2025-04-02,147993900540
2025-04-03,461007107795
2025-04-04,621083532821
2025-04-07,257110500943
2025-04-08,-89842804874
2025-04-09,-69828647099
2025-04-10,668231509086
2025-04-11,137846685916
2025-04-14,-6669629343
2025-04-15,183126814301
2025-04-16,-15311474732
2025-04-17,368859206372
2025-04-18,81561573648
2025-04-21,23361905583
2025-04-22,10662675005
2025-04-23,686622730594
2025-04-24,-198709373069
2025-04-25,507219548646
2025-04-28,91552023475
2025-04-29,-580412351813
2025-04-30,-221015660439
2025-05-02,322822327954
2025-05-07,86944158905
2025-05-08,-189768748055
2025-05-09,-187285680725
2025-05-12,342908323654
2025-05-13,-89286152649
2025-05-14,534775999876
2025-05-15,-368057587851
2025-05-16,113357862684
2025-05-19,-194768285181
2025-05-20,61003199298
2025-05-21,104568454511
2025-05-22,-431916913475
2025-05-23,-102642931357
2025-05-26,432290131169
2025-05-27,-20103128153
2025-05-28,743757365323
2025-05-29,684162754643
2025-05-30,-15985412248
2025-06-02,-241471165549
2025-06-04,204638343689
2025-06-05,220668701678
2025-06-09,-733175769677
2025-06-10,14187118504
2025-06-11,230383318505
2025-06-12,-230429635470
2025-06-13,-646063384807
2025-06-16,252399853157
2025-06-17,-100625902406
2025-06-18,110118710491
2025-06-19,-301775558158
2025-06-20,37228244464
2025-06-23,-948506269171
2025-06-24,259382348233
2025-06-25,-588335023653
2025-06-26,-408021845323
2025-06-27,343356203643
2025-06-30,475723585607
2025-07-01,474495645350
2025-07-02,72030633422
2025-07-03,548390638149
2025-07-04,-382244217520
2025-07-07,-81051538440
2025-07-08,-32643905578
2025-07-09,-57076587509
2025-07-10,44673595933
2025-07-11,-74288684251
2025-07-14,-94654288927
2025-07-15,-16706567128
2025-07-16,-552521477568
2025-07-17,158285735249
2025-07-18,32046643462
2025-07-21,99433590864
2025-07-22,-412749950778
2025-07-23,191741847080
2025-07-24,127317870685
2025-07-25,110011400619
2025-07-28,452025095461
2025-07-29,116667598449
2025-07-30,330708145089
2025-07-31,-705251647747
2025-08-01,-1071973959139
2025-08-04,131617717591
2025-08-05,94670099779
2025-08-06,-402029246448
2025-08-07,109241961820
2025-08-08,-131813631998
2025-08-11,-216007804596
2025-08-12,-98063778575
2025-08-13,-80912489856
2025-08-14,19668852655
2025-08-18,81264715972
2025-08-19,253889827734
2025-08-20,502399149040
2025-08-21,159825369627
2025-08-22,155607020292
2025-08-25,154344027863
2025-08-26,-265713038035
2025-08-27,27685143548
2025-08-28,326383974869
2025-08-29,64789068871
2025-09-01,-194015528758
2025-09-02,-141647061950
2025-09-03,-375605702502
2025-09-04,-23218341817
2025-09-05,112418902273
2025-09-08,77834051975
2025-09-09,280615000953
2025-09-10,904642820662
2025-09-11,822538944315
2025-09-12,611858092630
2025-09-15,-137631875449
2025-09-16,108292237478
2025-09-17,-307531277786
2025-09-18,429405364402
2025-09-19,-335726472774
2025-09-22,267154835816
2025-09-23,-136325868569
2025-09-24,212404698232
2025-09-25,270684199746
2025-09-26,-489151538005
2025-09-29,301427855442
2025-09-30,-49701444650
2025-10-01,220785734133
2025-10-02,-67494864641
2025-10-10,-593625744034
2025-10-13,-447053529181
2025-10-14,-629949724197
2025-10-15,751244684647
2025-10-16,781334358462
2025-10-17,-168824894252
2025-10-20,642782201892
2025-10-21,211597377289
2025-10-22,763258177231
2025-10-23,-397163655872
2025-10-24,1405424779261
2025-10-27,234313115221
2025-10-28,92515404843
2025-10-29,519641066853
2025-10-30,-837908856533
2025-10-31,-1106353204612
2025-11-03,184063777621
2025-11-04,-498871597317
2025-11-05,-187678526688
2025-11-06,830106353177
2025-11-07,-244601749401
2025-11-10,1306560118446
2025-11-11,224740119047
2025-11-12,909304152453
2025-11-13,-717863772288
2025-11-14,-900518750937
2025-11-17,-24507260579
2025-11-18,-678836202084
2025-11-19,625601627343
2025-11-20,756611433034
2025-11-21,493544884258
2025-11-24,1271869709365
2025-11-25,31536418040
2025-11-26,1227984194567
2025-11-27,432571516218
2025-11-28,458703640136
2025-12-01,-233264531773
2025-12-02,392876412814
2025-12-03,736412064273
2025-12-04,131833095944
2025-12-05,1152794416606
2025-12-08,-30750010068
2025-12-09,49406756729
2025-12-10,-300289133306
2025-12-11,-775302720113
2025-12-12,1418401432314
2025-12-15,-480294289107
2025-12-16,-230896622481
2025-12-17,335296130468
2025-12-18,-100576420243
2025-12-19,854092561775
2025-12-22,1605470286997
2025-12-23,352698589372
2025-12-24,203889109402
2025-12-26,443547202137
2025-12-29,-313274790525
2025-12-30,-376313975016
2026-01-02,-247657510168
2026-01-05,-704560046644
2026-01-06,-66435136390
2026-01-07,-939719802366
2026-01-08,-1401406595131
2026-01-09,1204591351365
2026-01-12,210069173736
2026-01-13,788132480167
2026-01-14,588711206610
2026-01-15,1290549747197
2026-01-16,308347116093
2026-01-19,-25642092639
2026-01-20,-649971374712
2026-01-21,321674652597
2026-01-22,-156829850910
2026-01-23,478962766496
2026-01-26,-1541420013199
2026-01-27,247398776513
2026-01-28,-1402102942288
2026-01-29,-167311965786
2026-01-30,-424097885676
2026-02-02,-2212550033243
2026-02-03,2170791453382
2026-02-04,1783625006319
2026-02-05,-2069271187792
2026-02-06,941368676394
2026-02-09,2712339196769
2026-02-10,564307735521
2026-02-11,692660036532
2026-02-12,1380001667469
2026-02-13,83065545270
2026-02-19,1654219924740
2026-02-20,1614950004823
2026-02-23,-127121967255
2026-02-24,2377272957285
2026-02-25,1470124842242
2026-02-26,1256912628353
2026-02-27,566621550399
2026-03-03,-885917938073
2026-03-04,-597824243365
2026-03-05,-1718559699122
2026-03-06,-1114155720638
2026-03-09,-1544058422897
2026-03-10,916404311114
2026-03-11,782135420831
2026-03-12,77530029135
2026-03-13,-1043403661756
2026-03-16,91068348977
2026-03-17,734056815711
2026-03-18,3109262842413
2026-03-19,-664895639966
2026-03-20,-1026015603868
2026-03-23,-3817298062623
2026-03-24,968313589975
2026-03-25,2322962665451
2026-03-26,-299924291183
2026-03-27,778472507114
2026-03-30,844955351237
2026-03-31,1025064531679
2026-04-01,4041874436569
2026-04-02,-1451708272004
2026-04-03,738959668798
2026-04-06,837148006190
2026-04-07,-400081959661
2026-04-08,2726770394776
2026-04-09,-2512488496601
2026-04-10,-203107649113
2026-04-13,-669837211792
2026-04-14,1254458601698
2026-04-15,36807337289
2026-04-16,1078312991155
2026-04-17,150108474594
2026-04-20,293793137597
2026-04-21,918068087791
2026-04-22,-404586193903
2026-04-23,-296549298520
2026-04-24,805313238881
2026-04-27,1134930690491
2026-04-28,353200924898
2026-04-29,477066017809
2026-04-30,283792403208
2026-05-04,2009778368731
2026-05-06,-2289423705027
2026-05-07,891693196851
2026-05-08,1254235715271
2026-05-11,-45811812144
2026-05-12,-1213799406510
2026-05-13,1687602172993
2026-05-14,192721414900
2026-05-15,-1734715679164
2026-05-18,1390378624453
2026-05-19,157475263234
2026-05-20,1106962003097
2026-05-21,2900833284774
2026-05-22,758319231649
2026-05-26,816766462945
2026-05-27,-12554928224
2026-05-28,-1042161646858
2026-05-29,2368782530707
2026-06-01,2442734402012
2026-06-02,-54581539354
2026-06-04,1525451417948
2026-06-05,-1380859195556
2026-06-08,-1716421115525
2026-06-09,2504819861719
2026-06-10,-2266525448946
2026-06-11,-756138214272
2026-06-12,2286978507345
2026-06-15,446150928645
2026-06-16,707639486920
2026-06-17,595662689477
2026-06-18,-768222503858
2026-06-19,-1224429261550
